userID,sum_weight,mean_weight,num_artists
2,168737,3374.74,50
3,20501,410.02,50
4,26930,538.6,50
5,13159,263.18,50
6,1011,20.22,50
7,135399,2707.98,50
8,36279,725.58,50
9,25597,511.94,50
10,28523,570.46,50
11,42920,858.4,50
12,256144,5122.88,50
13,4211,84.22,50
14,34681,693.62,50
15,19863,397.26,50
16,14101,282.02,50
17,34839,696.78,50
18,20311,406.22,50
20,9052,181.04,50
21,23493,469.86,50
22,61844,1236.88,50
23,16521,330.42,50
24,60844,1216.88,50
25,23039,460.78,50
26,30657,613.14,50
27,5738,114.76,50
28,499,9.98,50
29,7327,146.54,50
30,17234,344.68,50
31,28034,560.68,50
32,33019,660.38,50
33,41460,829.2,50
34,38212,764.24,50
35,21,1.4,15
36,28146,562.92,50
37,15275,305.5,50
38,12113,247.20408163265307,49
39,3691,73.82,50
40,21213,424.26,50
41,46822,936.44,50
42,21316,426.32,50
43,28525,570.5,50
44,16137,322.74,50
45,44341,886.82,50
46,76348,1526.96,50
47,50761,1015.22,50
48,29346,586.92,50
49,7612,152.24,50
50,42435,848.7,50
51,33637,672.74,50
52,8912,178.24,50
53,13791,275.82,50
54,23743,474.86,50
55,26787,535.74,50
56,37899,757.98,50
57,49276,985.52,50
58,27367,547.34,50
59,90748,1814.96,50
60,3351,67.02,50
61,15962,319.24,50
62,16660,333.2,50
63,7902,158.04,50
64,13866,277.32,50
65,16406,328.12,50
66,27581,551.62,50
68,13200,264.0,50
69,17151,343.02,50
70,24578,491.56,50
71,12955,259.1,50
72,837,16.74,50
73,21119,422.38,50
74,52966,1059.32,50
75,25941,518.82,50
76,62052,1241.04,50
77,31308,626.16,50
78,10720,214.4,50
79,115330,2306.6,50
80,9658,193.16,50
81,11207,224.14,50
82,16256,325.12,50
83,47184,943.68,50
84,22743,454.86,50
85,7940,158.8,50
86,23936,478.72,50
87,2368,47.36,50
88,1053,21.06,50
89,47310,946.2,50
90,7766,155.32,50
91,59792,1195.84,50
92,859,17.18,50
94,12781,255.62,50
95,9028,180.56,50
96,1049,20.98,50
97,32434,648.68,50
98,8493,169.86,50
99,15815,316.3,50
100,10358,207.16,50
101,58107,1162.14,50
102,41734,834.68,50
103,4417,88.34,50
104,200979,4019.58,50
105,8433,168.66,50
106,49460,989.2,50
107,277680,5553.6,50
108,24679,493.58,50
109,20118,402.36,50
110,85411,1708.22,50
111,25454,509.08,50
112,10,10.0,1
113,191781,3835.62,50
114,9823,196.46,50
115,99,1.98,50
116,20836,416.72,50
117,23263,465.26,50
118,22848,456.96,50
119,25418,508.36,50
120,8744,174.88,50
121,30050,601.0,50
122,837,16.74,50
123,93771,1875.42,50
124,31736,634.72,50
125,37930,758.6,50
126,20342,406.84,50
127,34508,690.16,50
128,63420,1268.4,50
129,18546,370.92,50
130,17363,347.26,50
131,7463,149.26,50
132,36706,734.12,50
133,13163,263.26,50
134,19394,387.88,50
135,51601,1032.02,50
136,14347,286.94,50
137,42903,858.06,50
139,25684,513.68,50
140,40753,815.06,50
141,5537,110.74,50
142,8468,169.36,50
143,104109,2082.18,50
144,9427,188.54,50
145,33585,671.7,50
146,78429,1568.58,50
147,72873,1457.46,50
148,13760,275.2,50
149,33239,664.78,50
150,5169,103.38,50
151,7658,153.16,50
152,17736,354.72,50
153,12346,246.92,50
154,1285,25.7,50
155,65859,1317.18,50
156,6791,135.82,50
157,8128,162.56,50
158,21004,420.08,50
159,76538,1530.76,50
161,117009,2340.18,50
162,21037,420.74,50
163,21189,423.78,50
164,192063,3841.26,50
166,11578,231.56,50
168,25289,505.78,50
170,51661,1033.22,50
171,6949,138.98,50
172,19029,380.58,50
173,23589,471.78,50
174,15791,315.82,50
175,103240,2064.8,50
176,35557,711.14,50
177,54500,1090.0,50
178,25089,501.78,50
179,25463,509.26,50
180,1451,29.02,50
181,24620,492.4,50
182,22324,446.48,50
183,16508,330.16,50
184,12269,245.38,50
185,3606,72.12,50
186,18443,368.86,50
187,28314,566.28,50
188,4,2.0,2
189,31108,622.16,50
190,80414,1608.28,50
191,1672,33.44,50
192,12078,402.6,30
193,133154,2663.08,50
194,80934,1618.68,50
195,4539,90.78,50
196,95033,1900.66,50
198,50214,1004.28,50
200,12053,241.06,50
201,15409,308.18,50
202,12363,247.26,50
203,4817,96.34,50
204,18913,378.26,50
205,67324,1346.48,50
206,4612,92.24,50
207,17603,352.06,50
208,5646,112.92,50
209,6956,139.12,50
210,98586,1971.72,50
211,34963,699.26,50
212,3184,63.68,50
213,35028,700.56,50
214,23855,477.1,50
215,917,18.34,50
216,8000,160.0,50
217,16214,324.28,50
218,11848,236.96,50
219,105372,2107.44,50
220,12618,252.36,50
223,95063,1901.26,50
224,10371,207.42,50
225,81293,1625.86,50
226,45638,912.76,50
227,149248,2984.96,50
228,591,11.82,50
229,286,5.72,50
230,85557,1711.14,50
231,18259,365.18,50
232,114970,2299.4,50
233,20355,407.1,50
234,43665,873.3,50
235,23428,468.56,50
236,70410,1408.2,50
237,22758,455.16,50
238,84613,1692.26,50
240,10386,207.72,50
241,63961,1279.22,50
242,29388,587.76,50
243,47092,941.84,50
244,13811,276.22,50
247,9628,192.56,50
248,14486,289.72,50
249,25360,507.2,50
250,30403,608.06,50
251,8306,166.12,50
252,48825,976.5,50
253,63325,1266.5,50
254,47240,944.8,50
255,18640,372.8,50
256,177304,3546.08,50
257,8660,173.2,50
258,965,19.3,50
259,20189,403.78,50
260,15822,316.44,50
261,24601,492.02,50
262,13972,279.44,50
263,29049,580.98,50
264,46651,933.02,50
265,39172,783.44,50
266,5343,106.86,50
267,25586,511.72,50
268,19684,393.68,50
269,6557,131.14,50
270,17,1.2142857142857142,14
271,123242,2464.84,50
273,26792,535.84,50
274,24306,486.12,50
275,2356,47.12,50
277,80450,1609.0,50
278,16100,322.0,50
279,47996,959.92,50
280,11835,236.7,50
281,4750,95.0,50
282,47904,958.08,50
283,4817,96.34,50
284,461,9.22,50
285,9294,185.88,50
286,15399,307.98,50
288,26492,529.84,50
289,73917,1478.34,50
290,363,7.26,50
291,88431,1768.62,50
292,153703,3074.06,50
293,13539,270.78,50
294,4956,99.12,50
295,24370,487.4,50
296,227,4.54,50
297,37610,752.2,50
298,138008,2760.16,50
299,14198,283.96,50
300,27788,555.76,50
301,15113,302.26,50
302,78781,1575.62,50
303,20717,414.34,50
304,3239,64.78,50
305,18474,369.48,50
306,10494,209.88,50
307,5205,104.1,50
308,58417,1168.34,50
310,27099,541.98,50
311,21221,424.42,50
312,28690,573.8,50
313,99886,1997.72,50
314,14153,283.06,50
315,30019,600.38,50
316,25368,507.36,50
317,80762,1615.24,50
318,173355,3467.1,50
319,32187,643.74,50
320,35543,710.86,50
321,3188,63.76,50
322,113710,2274.2,50
324,35709,714.18,50
325,18512,370.24,50
326,10424,208.48,50
327,25848,516.96,50
328,17459,349.18,50
329,62332,1246.64,50
330,32041,640.82,50
331,8522,170.44,50
332,73120,1462.4,50
333,17168,343.36,50
334,74027,1480.54,50
335,81820,1636.4,50
336,44010,880.2,50
337,6071,121.42,50
338,24890,497.8,50
339,74509,1490.18,50
340,26341,526.82,50
341,5379,107.58,50
342,13197,263.94,50
343,12924,258.48,50
344,165,4.714285714285714,35
345,2319,46.38,50
346,58802,1176.04,50
347,23276,465.52,50
348,1967,39.34,50
349,58098,1161.96,50
350,83388,1667.76,50
351,13678,273.56,50
352,10070,201.4,50
353,1409,28.18,50
354,869,17.38,50
355,13314,266.28,50
356,80874,1617.48,50
357,78494,1569.88,50
358,6520,130.4,50
359,43560,871.2,50
360,2623,52.46,50
361,26637,532.74,50
362,30644,612.88,50
363,46671,933.42,50
364,47826,956.52,50
365,652,13.04,50
366,42329,846.58,50
367,63568,1271.36,50
368,35539,710.78,50
369,24092,481.84,50
370,46480,929.6,50
371,19687,393.74,50
372,11185,223.7,50
374,83,20.75,4
375,4629,92.58,50
376,58120,1162.4,50
377,138020,2760.4,50
378,32976,659.52,50
380,101586,2031.72,50
382,48240,964.8,50
383,32235,644.7,50
385,259106,5182.12,50
386,15620,312.4,50
387,322661,6453.22,50
388,170937,3418.74,50
390,122293,2445.86,50
391,18822,376.44,50
392,4466,89.32,50
393,17405,348.1,50
394,4972,99.44,50
395,13881,277.62,50
396,36644,732.88,50
397,4246,84.92,50
398,16015,320.3,50
399,69514,1390.28,50
400,23596,471.92,50
401,11079,221.58,50
402,124307,2486.14,50
403,31052,621.04,50
404,7318,146.36,50
405,58585,1171.7,50
406,30087,601.74,50
407,1118,22.36,50
408,6784,376.8888888888889,18
409,15491,309.82,50
410,5069,101.38,50
411,20944,418.88,50
412,2039,40.78,50
413,76528,1530.56,50
414,117527,2350.54,50
415,75113,1502.26,50
416,5530,110.6,50
417,20736,414.72,50
418,35996,719.92,50
419,849,16.98,50
420,90425,1808.5,50
421,26320,526.4,50
423,14121,282.42,50
424,23117,462.34,50
425,55659,1113.18,50
426,25459,509.18,50
427,35075,701.5,50
428,203645,4072.9,50
430,48971,979.42,50
431,131222,2624.44,50
432,22008,440.16,50
433,18087,361.74,50
434,856,17.12,50
435,78081,1561.62,50
436,75573,1511.46,50
437,13054,261.08,50
438,334,6.68,50
439,69367,1387.34,50
440,42181,843.62,50
441,8002,160.04,50
442,128462,2569.24,50
443,47373,947.46,50
444,6281,125.62,50
446,244556,4891.12,50
447,23169,463.38,50
449,8723,174.46,50
450,52513,1050.26,50
451,152057,3041.14,50
452,3650,73.0,50
453,11785,235.7,50
454,37036,740.72,50
455,192291,3845.82,50
456,9914,198.28,50
457,18765,375.3,50
458,6250,125.0,50
459,255516,5110.32,50
460,18405,368.1,50
461,22869,457.38,50
462,27559,551.18,50
463,1439,28.78,50
464,36102,722.04,50
465,19881,397.62,50
466,15771,315.42,50
467,10423,208.46,50
468,37528,750.56,50
469,16994,339.88,50
470,59295,1185.9,50
471,8484,169.68,50
472,15639,312.78,50
473,12792,255.84,50
474,55485,1109.7,50
475,14578,291.56,50
476,30371,607.42,50
477,21782,435.64,50
478,49642,992.84,50
479,63020,1260.4,50
480,12232,244.64,50
481,19655,393.1,50
482,8442,168.84,50
484,11774,235.48,50
485,3345,66.9,50
486,32889,1027.78125,32
487,47480,949.6,50
488,8926,178.52,50
489,53424,1068.48,50
490,24473,489.46,50
491,44999,899.98,50
492,22069,441.38,50
493,9039,273.90909090909093,33
494,29080,581.6,50
495,9188,183.76,50
496,13434,268.68,50
497,11635,232.7,50
498,93308,1866.16,50
499,530,10.6,50
500,7496,149.92,50
501,22338,446.76,50
502,39161,783.22,50
503,30790,615.8,50
504,12372,247.44,50
506,9766,195.32,50
507,21631,432.62,50
508,1211,24.22,50
509,1020,20.4,50
510,790,18.372093023255815,43
511,4557,91.14,50
512,49786,995.72,50
513,22227,444.54,50
514,329782,6595.64,50
515,10214,204.28,50
516,96799,1935.98,50
517,9250,185.0,50
518,25511,510.22,50
519,46717,934.34,50
520,56838,1136.76,50
521,55911,1118.22,50
523,111,2.22,50
525,45844,916.88,50
526,4685,95.61224489795919,49
527,39492,789.84,50
529,22459,449.18,50
530,1739,34.78,50
531,47216,944.32,50
532,10409,208.18,50
533,22140,442.8,50
534,18689,373.78,50
535,17796,355.92,50
536,7436,148.72,50
537,7544,150.88,50
538,23077,461.54,50
539,8819,176.38,50
540,135162,2703.24,50
541,186842,3736.84,50
542,133236,19033.714285714286,7
543,40989,819.78,50
544,17018,340.36,50
545,38834,776.68,50
546,125235,2504.7,50
547,5319,106.38,50
548,7172,143.44,50
549,52382,1047.64,50
550,18721,374.42,50
551,2384,47.68,50
552,317,6.34,50
553,15630,339.7826086956522,46
555,8117,162.34,50
556,4019,80.38,50
557,20323,406.46,50
558,22043,1836.9166666666667,12
559,11097,221.94,50
560,11661,233.22,50
561,113040,2260.8,50
562,17692,353.84,50
563,57725,1154.5,50
565,7115,142.3,50
566,9858,197.16,50
567,96799,1935.98,50
568,13892,277.84,50
569,11390,227.8,50
570,17762,355.24,50
571,91128,1822.56,50
572,36145,722.9,50
573,4684,93.68,50
574,20534,410.68,50
575,28441,568.82,50
576,3933,78.66,50
577,4068,81.36,50
578,29939,598.78,50
579,9545,190.9,50
580,31334,626.68,50
581,232504,4650.08,50
582,103495,2069.9,50
583,33163,663.26,50
584,232475,4649.5,50
585,46636,932.72,50
586,11819,236.38,50
587,75934,1518.68,50
589,7371,147.42,50
590,22875,457.5,50
592,154339,3086.78,50
593,51105,1022.1,50
594,3676,73.52,50
595,131031,2620.62,50
596,101469,2029.38,50
598,41822,836.44,50
601,36190,723.8,50
602,15691,313.82,50
603,4436,88.72,50
604,110393,2207.86,50
605,37567,751.34,50
606,44425,888.5,50
607,12795,255.9,50
608,1169,23.38,50
609,46796,935.92,50
611,1560,31.2,50
612,21203,424.06,50
613,337,9.911764705882353,34
614,81532,1630.64,50
615,7,7.0,1
616,62985,1259.7,50
617,21960,439.2,50
618,8244,164.88,50
619,43257,865.14,50
620,32203,644.06,50
621,233807,4676.14,50
622,27448,548.96,50
623,53735,1074.7,50
624,14282,285.64,50
625,12340,246.8,50
627,42094,841.88,50
628,7836,156.72,50
629,30882,617.64,50
631,39219,784.38,50
632,69854,1397.08,50
633,8338,166.76,50
634,21645,432.9,50
635,9303,186.06,50
636,21497,429.94,50
637,3794,75.88,50
638,60520,1210.4,50
639,7513,150.26,50
640,42509,850.18,50
641,97442,1948.84,50
642,15946,318.92,50
643,17162,343.24,50
644,18938,378.76,50
645,2782,55.64,50
646,18209,364.18,50
647,32660,653.2,50
649,7723,154.46,50
650,23582,471.64,50
651,52307,1046.14,50
652,18874,377.48,50
654,5124,102.48,50
655,669,13.38,50
656,2796,55.92,50
657,28552,571.04,50
658,12592,251.84,50
659,80373,1607.46,50
660,5531,110.62,50
661,8024,160.48,50
662,64680,1293.6,50
663,17021,340.42,50
664,39551,791.02,50
665,24487,489.74,50
666,21789,435.78,50
667,17551,351.02,50
668,41170,823.4,50
669,46782,935.64,50
670,45234,904.68,50
671,93201,1864.02,50
672,7311,146.22,50
673,32859,657.18,50
674,61615,1232.3,50
675,46793,935.86,50
676,7460,149.2,50
677,14814,296.28,50
678,8569,171.38,50
679,21790,435.8,50
680,110554,2211.08,50
681,15141,302.82,50
682,20673,413.46,50
683,55320,1106.4,50
684,168450,3369.0,50
685,63701,1274.02,50
686,91678,1833.56,50
687,889,17.78,50
688,22986,459.72,50
689,8607,172.14,50
690,48396,967.92,50
691,57085,1141.7,50
692,86683,1733.66,50
693,13613,272.26,50
694,13323,266.46,50
695,1913,38.26,50
696,10307,206.14,50
697,37753,755.06,50
698,110093,2201.86,50
699,25926,518.52,50
700,35430,708.6,50
701,6785,616.8181818181819,11
702,47938,958.76,50
703,22834,456.68,50
704,26329,526.58,50
705,46299,925.98,50
706,4065,81.3,50
707,746,14.92,50
708,235,4.7,50
709,20323,406.46,50
710,5437,108.74,50
711,10063,201.26,50
712,48,1.263157894736842,38
713,39591,791.82,50
714,6171,123.42,50
715,33215,664.3,50
716,84809,1696.18,50
717,119605,2392.1,50
718,18129,362.58,50
719,40419,808.38,50
720,4448,88.96,50
721,19565,391.3,50
722,41785,835.7,50
723,31041,620.82,50
725,11903,238.06,50
726,1001,20.02,50
727,26738,534.76,50
728,52837,1056.74,50
729,9649,192.98,50
730,84420,1688.4,50
731,4809,96.18,50
732,170014,3400.28,50
733,14852,297.04,50
734,230001,4600.02,50
735,6434,128.68,50
736,156478,3129.56,50
737,16279,325.58,50
738,35974,719.48,50
739,19003,380.06,50
741,29114,582.28,50
742,4505,90.1,50
743,120854,2417.08,50
744,8044,160.88,50
745,6342,634.2,10
746,39881,797.62,50
747,32233,644.66,50
749,122746,2454.92,50
750,7026,140.52,50
751,7653,153.06,50
752,19787,395.74,50
753,24678,493.56,50
754,17391,347.82,50
756,1716,34.32,50
757,480039,9600.78,50
758,30233,604.66,50
759,18770,375.4,50
760,120850,2417.0,50
761,34282,685.64,50
762,8035,160.7,50
763,12648,252.96,50
764,40461,809.22,50
765,21843,436.86,50
767,105488,2109.76,50
768,357,8.113636363636363,44
769,61026,1849.2727272727273,33
770,25839,516.78,50
771,4856,97.12,50
772,843,16.86,50
773,76209,1524.18,50
776,6742,134.84,50
777,22398,447.96,50
778,216037,4320.74,50
779,29834,596.68,50
780,10930,218.6,50
781,9755,195.1,50
782,23410,468.2,50
784,45379,907.58,50
785,19247,384.94,50
786,22475,449.5,50
787,8570,171.4,50
788,6475,129.5,50
789,32853,657.06,50
790,28807,576.14,50
791,1418,28.36,50
792,30489,609.78,50
793,45741,914.82,50
794,6554,131.08,50
795,66817,1336.34,50
797,57154,5195.818181818182,11
798,11808,236.16,50
799,8214,164.28,50
800,113943,2278.86,50
801,1981,39.62,50
802,326,6.52,50
804,67417,1348.34,50
805,8964,179.28,50
806,28604,572.08,50
807,18063,361.26,50
808,33299,665.98,50
809,28390,567.8,50
810,3415,68.3,50
812,21377,427.54,50
813,7684,153.68,50
814,26226,524.52,50
815,87439,1748.78,50
816,1249,24.98,50
817,16281,325.62,50
818,36113,722.26,50
819,120862,2947.8536585365855,41
820,694,13.88,50
821,5863,117.26,50
822,82029,1640.58,50
823,60038,1200.76,50
824,1728,34.56,50
825,6971,139.42,50
826,3399,67.98,50
827,5642,112.84,50
828,5774,115.48,50
829,14821,296.42,50
830,16633,332.66,50
831,112330,2246.6,50
832,6104,122.08,50
834,9704,194.08,50
835,6199,123.98,50
836,12985,259.7,50
837,13191,263.82,50
838,18287,365.74,50
839,37080,741.6,50
840,145097,2901.94,50
841,18288,365.76,50
842,15214,304.28,50
843,2354,47.08,50
844,26082,521.64,50
845,3591,128.25,28
846,63775,1275.5,50
847,5314,106.28,50
848,23487,469.74,50
849,30350,607.0,50
850,128796,2575.92,50
851,166279,3325.58,50
852,19861,397.22,50
853,25725,514.5,50
854,5584,111.68,50
855,106334,2126.68,50
856,21371,427.42,50
858,25186,503.72,50
859,18158,363.16,50
860,30246,604.92,50
861,45294,905.88,50
862,40189,803.78,50
863,6333,126.66,50
864,13954,279.08,50
865,7025,140.5,50
868,14814,296.28,50
869,4699,469.9,10
870,7777,155.54,50
871,59844,1196.88,50
873,84124,1682.48,50
874,27233,544.66,50
875,28305,566.1,50
876,8297,165.94,50
877,17825,356.5,50
878,11040,220.8,50
881,24635,492.7,50
882,65162,1303.24,50
884,21136,422.72,50
885,37081,741.62,50
886,6394,127.88,50
887,11749,234.98,50
888,27592,551.84,50
889,15028,300.56,50
890,5002,100.04,50
891,24121,482.42,50
893,71037,1420.74,50
895,22038,440.76,50
896,38222,764.44,50
897,4010,80.2,50
898,42828,856.56,50
899,24335,486.7,50
900,18374,367.48,50
903,255533,5110.66,50
904,20533,410.66,50
905,13283,265.66,50
906,70263,1405.26,50
907,26210,524.2,50
908,4107,82.14,50
909,119426,2388.52,50
910,128621,2572.42,50
911,45811,916.22,50
912,66271,1325.42,50
913,36821,736.42,50
914,51576,1031.52,50
915,20294,405.88,50
916,44239,884.78,50
917,103523,2070.46,50
919,40792,815.84,50
920,8888,177.76,50
921,69421,1388.42,50
922,4077,81.54,50
924,8077,161.54,50
925,67114,1342.28,50
926,12335,246.7,50
927,29051,581.02,50
928,3779,75.58,50
929,6996,139.92,50
930,152001,3040.02,50
931,8813,176.26,50
932,94923,1898.46,50
933,31230,624.6,50
934,9929,198.58,50
935,7972,159.44,50
936,35133,702.66,50
938,217254,4345.08,50
939,45581,911.62,50
940,27813,556.26,50
941,129772,2595.44,50
942,44,1.2941176470588236,34
943,3117,62.34,50
946,184251,3685.02,50
948,7400,148.0,50
949,42495,849.9,50
950,17235,344.7,50
951,41139,822.78,50
952,11731,234.62,50
953,7569,151.38,50
954,15159,303.18,50
955,35197,703.94,50
957,160965,3219.3,50
958,5313,106.26,50
959,10796,215.92,50
960,6944,138.88,50
961,11256,225.12,50
962,15558,311.16,50
963,45597,911.94,50
964,8702,174.04,50
965,42407,848.14,50
966,36895,737.9,50
967,12247,244.94,50
968,19918,398.36,50
969,23274,465.48,50
971,12851,257.02,50
972,13376,267.52,50
975,54016,1080.32,50
976,6823,136.46,50
977,5687,113.74,50
978,25191,503.82,50
979,16239,324.78,50
980,4337,86.74,50
981,12045,240.9,50
982,7360,147.2,50
984,168626,3372.52,50
985,175343,3506.86,50
986,33982,679.64,50
987,47258,945.16,50
989,20999,419.98,50
990,39119,782.38,50
991,40619,812.38,50
993,4339,86.78,50
994,30091,601.82,50
995,2785,73.28947368421052,38
996,5268,105.36,50
997,24538,490.76,50
998,129377,2587.54,50
999,11572,231.44,50
1001,52320,1046.4,50
1002,5740,114.8,50
1003,19647,392.94,50
1004,249,6.073170731707317,41
1005,38211,764.22,50
1006,23759,475.18,50
1007,4181,83.62,50
1008,10306,206.12,50
1009,2919,58.38,50
1010,273,5.46,50
1011,40712,814.24,50
1012,12826,256.52,50
1013,12,12.0,1
1014,471,18.84,25
1015,11606,232.12,50
1016,38724,774.48,50
1017,27802,556.04,50
1018,34269,685.38,50
1019,11682,233.64,50
1020,32148,642.96,50
1021,19626,392.52,50
1022,42938,858.76,50
1023,41123,822.46,50
1024,30131,602.62,50
1025,14098,281.96,50
1026,23125,462.5,50
1027,71037,1420.74,50
1028,10473,209.46,50
1029,16798,335.96,50
1030,37262,745.24,50
1032,4672,93.44,50
1033,111287,2225.74,50
1034,28996,579.92,50
1035,1397,27.94,50
1036,33808,676.16,50
1037,270,5.4,50
1038,12897,257.94,50
1039,13655,273.1,50
1040,18795,375.9,50
1041,7884,157.68,50
1042,29964,599.28,50
1044,24074,481.48,50
1046,16731,334.62,50
1047,6340,126.8,50
1049,2645,52.9,50
1050,53251,1065.02,50
1051,58151,1163.02,50
1052,17212,344.24,50
1053,35502,710.04,50
1054,110789,2215.78,50
1055,4392,87.84,50
1056,34827,696.54,50
1057,19207,384.14,50
1058,10815,216.3,50
1060,40205,804.1,50
1061,21230,424.6,50
1062,2449,48.98,50
1063,8270,165.4,50
1064,1852,37.04,50
1065,9143,182.86,50
1067,36827,736.54,50
1068,29261,585.22,50
1069,78444,1568.88,50
1070,11946,238.92,50
1071,57010,1140.2,50
1072,46641,932.82,50
1073,28514,570.28,50
1074,15240,304.8,50
1075,70282,1405.64,50
1076,4927,98.54,50
1078,3428,68.56,50
1079,80292,1605.84,50
1080,24697,493.94,50
1081,10165,203.3,50
1082,26671,533.42,50
1083,16850,337.0,50
1084,34790,695.8,50
1085,43903,878.06,50
1086,235137,4702.74,50
1087,19401,388.02,50
1088,65699,1313.98,50
1089,14970,299.4,50
1090,474,9.48,50
1091,55829,1116.58,50
1092,83420,1668.4,50
1093,6107,122.14,50
1094,379125,7582.5,50
1097,88968,1779.36,50
1098,1825,36.5,50
1099,5027,100.54,50
1100,15015,300.3,50
1101,29904,598.08,50
1102,15176,303.52,50
1103,4283,85.66,50
1104,14554,291.08,50
1106,150897,3017.94,50
1107,153951,3079.02,50
1108,5251,105.02,50
1109,30996,619.92,50
1110,29142,582.84,50
1111,243124,4862.48,50
1112,17214,344.28,50
1113,6412,128.24,50
1114,33711,674.22,50
1115,16,3.2,5
1116,902,18.04,50
1118,42083,841.66,50
1119,1578,31.56,50
1120,6575,131.5,50
1121,2062,41.24,50
1122,3412,68.24,50
1123,21172,423.44,50
1124,105047,2100.94,50
1125,3088,61.76,50
1126,6085,121.7,50
1128,44998,899.96,50
1130,7862,157.24,50
1131,5141,102.82,50
1132,102359,2047.18,50
1133,17929,358.58,50
1134,424,8.48,50
1135,134028,2680.56,50
1136,21630,432.6,50
1137,6950,139.0,50
1138,36629,732.58,50
1139,60789,1215.78,50
1140,11420,228.4,50
1143,10827,216.54,50
1144,8657,173.14,50
1145,22896,457.92,50
1146,308167,6163.34,50
1147,5953,119.06,50
1148,5405,108.1,50
1149,914,18.28,50
1150,72725,1454.5,50
1151,33452,669.04,50
1152,13082,261.64,50
1153,61106,1222.12,50
1154,32854,657.08,50
1155,11167,223.34,50
1156,58121,1162.42,50
1157,26180,523.6,50
1158,14173,283.46,50
1159,22291,445.82,50
1160,53747,1074.94,50
1161,33753,675.06,50
1163,2177,43.54,50
1164,33226,664.52,50
1165,21761,435.22,50
1166,1214,24.28,50
1167,5042,100.84,50
1170,19507,390.14,50
1171,6125,122.5,50
1172,16373,327.46,50
1173,43041,860.82,50
1174,39985,799.7,50
1176,52242,1044.84,50
1177,22409,448.18,50
1178,73363,1467.26,50
1179,18943,378.86,50
1180,3810,76.2,50
1181,21570,431.4,50
1182,37728,754.56,50
1183,62848,1256.96,50
1184,28718,574.36,50
1185,31344,626.88,50
1186,35013,700.26,50
1187,9689,193.78,50
1188,60376,1207.52,50
1189,23775,475.5,50
1190,23274,465.48,50
1191,4963,99.26,50
1192,45658,913.16,50
1193,79248,1584.96,50
1194,70788,1415.76,50
1195,240927,4818.54,50
1196,93910,1878.2,50
1197,44869,897.38,50
1198,23920,478.4,50
1199,30558,611.16,50
1200,17907,358.14,50
1202,30719,614.38,50
1204,18892,377.84,50
1205,20,1.4285714285714286,14
1206,18827,376.54,50
1207,11424,228.48,50
1209,4743,94.86,50
1210,294016,5880.32,50
1211,6326,126.52,50
1212,32780,655.6,50
1213,2976,59.52,50
1214,14949,298.98,50
1215,34490,689.8,50
1216,52678,1053.56,50
1217,11545,230.9,50
1219,32069,641.38,50
1220,60484,1209.68,50
1221,1630,32.6,50
1222,50080,1001.6,50
1223,39775,795.5,50
1224,3232,64.64,50
1225,2320,46.4,50
1226,44199,883.98,50
1228,23043,460.86,50
1229,14845,296.9,50
1230,524,10.48,50
1231,17548,350.96,50
1232,15075,301.5,50
1233,94475,1889.5,50
1234,20021,400.42,50
1235,20423,408.46,50
1236,248680,4973.6,50
1237,26048,520.96,50
1238,18508,370.16,50
1239,19461,389.22,50
1240,12169,243.38,50
1242,19745,394.9,50
1243,7555,151.1,50
1244,31629,632.58,50
1245,70710,1414.2,50
1246,24853,497.06,50
1247,80189,1603.78,50
1248,13351,267.02,50
1249,14619,292.38,50
1253,53694,1073.88,50
1254,24124,482.48,50
1255,34464,689.28,50
1256,39824,796.48,50
1258,4260,85.2,50
1259,123812,2476.24,50
1261,24274,485.48,50
1262,26,1.2380952380952381,21
1263,53046,1060.92,50
1264,31684,633.68,50
1265,12405,248.1,50
1266,144,48.0,3
1267,50719,1014.38,50
1270,9251,185.02,50
1271,26395,527.9,50
1272,147455,2949.1,50
1273,13970,279.4,50
1274,11476,229.52,50
1275,60133,1202.66,50
1276,6232,124.64,50
1277,137168,2743.36,50
1278,12153,243.06,50
1279,6775,135.5,50
1280,50205,1004.1,50
1281,584,11.68,50
1282,28144,562.88,50
1283,101676,2033.52,50
1284,23507,470.14,50
1286,21749,434.98,50
1287,6667,133.34,50
1288,10732,214.64,50
1289,29503,590.06,50
1290,47,1.46875,32
1291,6868,137.36,50
1292,1195,23.9,50
1293,3964,79.28,50
1294,4425,88.5,50
1295,37430,748.6,50
1296,33436,668.72,50
1298,16549,330.98,50
1299,29773,595.46,50
1300,124115,2482.3,50
1301,210198,4203.96,50
1302,14606,292.12,50
1303,19569,391.38,50
1304,26456,529.12,50
1305,47491,949.82,50
1307,34328,34328.0,1
1308,132140,2642.8,50
1309,45142,902.84,50
1310,106,2.12,50
1311,10259,205.18,50
1312,13935,278.7,50
1313,17395,347.9,50
1315,147,2.94,50
1316,9208,184.16,50
1318,53480,1069.6,50
1319,9984,199.68,50
1321,13687,273.74,50
1322,22313,446.26,50
1323,25843,538.3958333333334,48
1324,6901,138.02,50
1325,23898,477.96,50
1327,843,16.86,50
1329,22973,459.46,50
1330,34286,685.72,50
1331,37504,750.08,50
1332,69054,1381.08,50
1333,22040,440.8,50
1334,5,1.25,4
1335,13489,269.78,50
1336,18117,362.34,50
1337,33233,664.66,50
1339,240166,4803.32,50
1340,32911,658.22,50
1342,74165,1483.3,50
1343,1221,24.42,50
1345,7417,148.34,50
1346,23808,476.16,50
1347,382,7.64,50
1348,13398,267.96,50
1349,9069,181.38,50
1350,25454,509.08,50
1351,6110,122.2,50
1352,7599,151.98,50
1353,37374,747.48,50
1354,5719,114.38,50
1355,13676,273.52,50
1356,35324,706.48,50
1357,16475,329.5,50
1358,29182,583.64,50
1360,10805,216.1,50
1362,31118,622.36,50
1363,60634,1212.68,50
1364,4094,81.88,50
1365,45564,911.28,50
1366,11519,230.38,50
1367,18897,377.94,50
1368,147910,2958.2,50
1369,9091,181.82,50
1371,17259,345.18,50
1372,17222,344.44,50
1373,22185,443.7,50
1374,26237,524.74,50
1375,17136,342.72,50
1376,1106,22.12,50
1377,156696,3133.92,50
1378,12598,251.96,50
1379,39602,792.04,50
1380,12222,244.44,50
1381,7673,153.46,50
1382,54095,1081.9,50
1383,34246,684.92,50
1384,39464,789.28,50
1385,7169,143.38,50
1386,9450,189.0,50
1387,8947,178.94,50
1388,4453,89.06,50
1389,15203,304.06,50
1390,17579,351.58,50
1393,29426,588.52,50
1394,27693,553.86,50
1395,12432,248.64,50
1396,11474,229.48,50
1397,43,3.0714285714285716,14
1398,33899,677.98,50
1399,11649,232.98,50
1401,36563,731.26,50
1402,3431,68.62,50
1403,31113,622.26,50
1404,48517,970.34,50
1405,32665,653.3,50
1406,20217,404.34,50
1407,21332,426.64,50
1408,85,1.7,50
1410,30113,602.26,50
1411,11495,229.9,50
1413,43449,868.98,50
1414,26429,528.58,50
1416,37306,746.12,50
1418,416349,8326.98,50
1419,18221,364.42,50
1420,8934,178.68,50
1421,4266,85.32,50
1422,17641,352.82,50
1423,23318,466.36,50
1424,27399,547.98,50
1425,68680,1373.6,50
1426,6657,133.14,50
1427,35437,708.74,50
1428,34003,680.06,50
1429,66884,1337.68,50
1430,9841,196.82,50
1431,97163,1943.26,50
1432,9,1.0,9
1433,32805,656.1,50
1434,80667,1613.34,50
1435,34572,691.44,50
1437,1705,34.1,50
1438,65206,1304.12,50
1439,32454,649.08,50
1440,13461,269.22,50
1441,19519,390.38,50
1442,28155,563.1,50
1443,2747,54.94,50
1444,43897,877.94,50
1445,81207,1624.14,50
1446,14740,294.8,50
1447,49914,998.28,50
1449,24985,499.7,50
1450,31289,625.78,50
1451,14211,284.22,50
1452,7849,156.98,50
1453,52537,1050.74,50
1454,41728,834.56,50
1455,75351,1507.02,50
1456,69303,1386.06,50
1457,60153,1203.06,50
1458,1615,32.3,50
1459,6034,120.68,50
1461,8943,178.86,50
1462,47272,945.44,50
1463,10249,204.98,50
1464,36771,735.42,50
1465,56762,1135.24,50
1466,14943,298.86,50
1467,54563,1091.26,50
1469,5455,109.1,50
1470,67293,1345.86,50
1471,64294,1285.88,50
1472,12657,253.14,50
1473,15457,309.14,50
1474,25465,509.3,50
1475,5962,119.24,50
1476,101052,2021.04,50
1477,877,17.54,50
1478,189034,3780.68,50
1479,10427,208.54,50
1480,20664,413.28,50
1481,134802,2696.04,50
1483,14205,284.1,50
1484,19478,389.56,50
1485,31391,627.82,50
1486,3994,79.88,50
1488,810,16.2,50
1489,36127,722.54,50
1490,73113,1462.26,50
1491,20832,416.64,50
1492,4346,86.92,50
1493,11079,221.58,50
1494,635,12.7,50
1495,806,16.12,50
1496,19215,384.3,50
1497,15618,312.36,50
1498,51051,1021.02,50
1499,76767,1535.34,50
1500,13789,275.78,50
1501,20235,404.7,50
1502,3399,67.98,50
1503,16200,324.0,50
1504,165689,3313.78,50
1505,51209,1024.18,50
1506,27019,540.38,50
1507,1723,34.46,50
1508,47184,943.68,50
1509,24919,498.38,50
1511,34740,694.8,50
1513,28935,602.8125,48
1514,13649,272.98,50
1515,19753,395.06,50
1516,7338,146.76,50
1517,83888,1677.76,50
1518,42490,849.8,50
1519,6689,133.78,50
1520,24017,480.34,50
1521,56506,1130.12,50
1522,37815,756.3,50
1524,36379,727.58,50
1525,2577,51.54,50
1527,18742,374.84,50
1528,20299,405.98,50
1530,39477,789.54,50
1531,20400,408.0,50
1532,63213,1264.26,50
1533,169438,3388.76,50
1534,39962,799.24,50
1535,52482,1049.64,50
1536,17261,345.22,50
1537,7273,145.46,50
1538,1391,27.82,50
1539,1781,35.62,50
1540,46005,920.1,50
1541,3720,74.4,50
1542,17219,344.38,50
1543,2458,91.03703703703704,27
1544,11142,222.84,50
1545,19346,386.92,50
1546,22448,448.96,50
1547,11993,239.86,50
1549,4050,81.0,50
1551,40834,816.68,50
1552,15,1.25,12
1553,19654,393.08,50
1554,11881,237.62,50
1555,49687,993.74,50
1556,55665,1113.3,50
1557,27801,556.02,50
1558,23218,464.36,50
1559,106499,2129.98,50
1560,29145,582.9,50
1562,16135,322.7,50
1563,486,9.72,50
1564,33733,674.66,50
1565,21185,423.7,50
1566,16765,335.3,50
1567,146809,2936.18,50
1568,80140,1602.8,50
1570,19200,384.0,50
1572,49504,990.08,50
1573,12958,259.16,50
1574,36820,736.4,50
1575,13463,269.26,50
1576,29736,594.72,50
1577,48311,966.22,50
1578,19022,380.44,50
1579,29263,585.26,50
1580,32879,657.58,50
1581,63389,1267.78,50
1582,13989,279.78,50
1583,48113,962.26,50
1584,3539,70.78,50
1585,144403,2888.06,50
1586,5176,103.52,50
1587,46522,930.44,50
1588,15327,306.54,50
1589,8234,164.68,50
1590,71025,1420.5,50
1591,19451,389.02,50
1592,13554,271.08,50
1593,72514,1450.28,50
1594,71043,1420.86,50
1595,24206,484.12,50
1596,21722,434.44,50
1597,18723,374.46,50
1599,17059,341.18,50
1600,59634,1192.68,50
1601,21600,432.0,50
1603,6220,6220.0,1
1604,16654,333.08,50
1605,10349,206.98,50
1606,89092,1781.84,50
1607,12379,247.58,50
1608,5506,110.12,50
1611,4121,1030.25,4
1613,76731,1534.62,50
1614,65904,1318.08,50
1615,4172,83.44,50
1616,16415,328.3,50
1617,13111,262.22,50
1618,11086,221.72,50
1619,51165,1023.3,50
1620,26636,532.72,50
1621,6303,126.06,50
1622,10989,219.78,50
1623,60924,1218.48,50
1624,5370,107.4,50
1625,423,8.46,50
1626,35500,710.0,50
1627,86733,1734.66,50
1628,70104,1402.08,50
1629,66545,1330.9,50
1630,14148,282.96,50
1632,32326,646.52,50
1633,46581,931.62,50
1634,10,2.5,4
1635,18960,379.2,50
1636,2268,45.36,50
1637,81816,1636.32,50
1638,3053,61.06,50
1639,52401,1048.02,50
1640,7291,145.82,50
1641,11876,237.52,50
1642,388251,7765.02,50
1643,73292,1465.84,50
1644,914,18.28,50
1646,46833,936.66,50
1647,18096,361.92,50
1648,14921,298.42,50
1649,60129,1202.58,50
1650,74226,1484.52,50
1652,14250,285.0,50
1653,23636,472.72,50
1654,13144,262.88,50
1655,19503,390.06,50
1656,19746,394.92,50
1657,12364,247.28,50
1658,24158,483.16,50
1659,20706,414.12,50
1660,7628,152.56,50
1661,17980,359.6,50
1662,19606,392.12,50
1663,28593,571.86,50
1664,251560,5031.2,50
1665,40,1.0810810810810811,37
1666,141405,2828.1,50
1667,1628,32.56,50
1669,4067,81.34,50
1670,6056,121.12,50
1671,62700,1254.0,50
1672,16156,323.12,50
1674,7537,150.74,50
1675,9084,698.7692307692307,13
1676,15749,314.98,50
1677,31884,637.68,50
1678,7410,148.2,50
1679,18825,376.5,50
1680,26579,531.58,50
1682,81174,1623.48,50
1683,29345,586.9,50
1684,30876,617.52,50
1685,7633,152.66,50
1686,55514,1110.28,50
1687,71642,1432.84,50
1688,19601,392.02,50
1689,16430,328.6,50
1690,23836,476.72,50
1691,13445,268.9,50
1692,20922,418.44,50
1693,7987,181.52272727272728,44
1694,42321,846.42,50
1695,10188,203.76,50
1696,3861,77.22,50
1697,16676,333.52,50
1699,28501,570.02,50
1700,8313,166.26,50
1701,10143,202.86,50
1702,11567,231.34,50
1703,15352,307.04,50
1704,1970,39.4,50
1705,32612,652.24,50
1706,54304,1086.08,50
1707,6068,121.36,50
1708,25548,510.96,50
1709,27937,558.74,50
1710,8611,172.22,50
1711,101297,2025.94,50
1712,51998,1039.96,50
1715,39309,786.18,50
1717,78881,1577.62,50
1718,16083,321.66,50
1719,9687,193.74,50
1720,36969,739.38,50
1721,5132,102.64,50
1722,8525,170.5,50
1723,2847,56.94,50
1724,3655,73.1,50
1725,7655,153.1,50
1726,27559,551.18,50
1727,29304,586.08,50
1728,20263,405.26,50
1729,7451,149.02,50
1730,33278,665.56,50
1731,293,293.0,1
1732,1445,28.9,50
1733,17234,344.68,50
1734,88626,1772.52,50
1736,29924,598.48,50
1737,24108,482.16,50
1740,58656,1173.12,50
1741,28150,563.0,50
1742,59012,1180.24,50
1743,87725,1754.5,50
1744,69,4.6,15
1745,12818,256.36,50
1746,39811,796.22,50
1747,2295,45.9,50
1748,11135,222.7,50
1749,73907,1478.14,50
1751,2300,46.0,50
1752,40302,806.04,50
1753,32972,659.44,50
1754,30433,608.66,50
1755,7865,157.3,50
1757,12504,250.08,50
1758,3,3.0,1
1759,36820,736.4,50
1760,13094,261.88,50
1761,5000,100.0,50
1762,40268,805.36,50
1764,9508,190.16,50
1765,4631,92.62,50
1766,25778,515.56,50
1768,62887,1257.74,50
1769,32003,640.06,50
1770,16422,328.44,50
1771,17076,341.52,50
1772,102226,2044.52,50
1773,10,1.0,10
1774,2738,54.76,50
1775,10802,216.04,50
1776,34501,690.02,50
1777,50857,1017.14,50
1778,59455,1189.1,50
1779,8714,174.28,50
1780,94806,1896.12,50
1781,6114,122.28,50
1782,3241,64.82,50
1783,34766,695.32,50
1784,40771,815.42,50
1785,94693,1893.86,50
1786,9102,182.04,50
1787,19623,392.46,50
1788,30576,611.52,50
1789,61340,1226.8,50
1790,10028,200.56,50
1791,23791,475.82,50
1792,28488,569.76,50
1793,45160,903.2,50
1794,12706,254.12,50
1795,13988,279.76,50
1796,29780,595.6,50
1797,24052,481.04,50
1798,6336,126.72,50
1799,12206,283.86046511627904,43
1800,660,13.2,50
1801,2514,50.28,50
1802,35618,712.36,50
1803,16474,329.48,50
1804,8708,174.16,50
1805,29780,595.6,50
1806,36618,732.36,50
1807,579,11.58,50
1808,32665,653.3,50
1809,28168,563.36,50
1810,30193,1372.409090909091,22
1811,103104,2062.08,50
1813,36372,727.44,50
1814,18500,370.0,50
1815,23590,471.8,50
1816,13559,271.18,50
1817,37425,748.5,50
1818,415,8.3,50
1819,4770,95.4,50
1820,36648,732.96,50
1821,22517,450.34,50
1822,1359,27.18,50
1823,14129,282.58,50
1824,8847,176.94,50
1825,4641,92.82,50
1826,18533,370.66,50
1827,38513,770.26,50
1828,42374,847.48,50
1829,69685,1393.7,50
1830,111667,2233.34,50
1831,30471,609.42,50
1832,119715,2394.3,50
1833,13916,278.32,50
1834,4413,88.26,50
1835,11268,225.36,50
1836,933,18.66,50
1838,18658,373.16,50
1839,16265,325.3,50
1840,24701,494.02,50
1841,9930,198.6,50
1842,10101,202.02,50
1844,27421,548.42,50
1845,24219,484.38,50
1846,31635,632.7,50
1847,916,18.32,50
1848,26004,520.08,50
1850,28503,570.06,50
1851,17787,413.6511627906977,43
1852,27579,551.58,50
1853,18264,365.28,50
1854,7062,141.24,50
1855,9788,195.76,50
1856,23447,468.94,50
1857,27411,548.22,50
1858,10234,204.68,50
1859,202,5.45945945945946,37
1860,38381,767.62,50
1861,13009,260.18,50
1862,15190,303.8,50
1863,10923,218.46,50
1864,1341,26.82,50
1865,45198,903.96,50
1866,45742,914.84,50
1867,6771,135.42,50
1868,16173,449.25,36
1869,27037,540.74,50
1871,5273,105.46,50
1872,57393,1147.86,50
1873,21015,420.3,50
1874,12617,252.34,50
1875,26692,533.84,50
1877,4826,96.52,50
1879,26302,526.04,50
1880,104352,2087.04,50
1881,18687,373.74,50
1882,10748,214.96,50
1883,54206,1084.12,50
1885,6091,121.82,50
1887,18847,376.94,50
1888,13965,279.3,50
1889,58055,1161.1,50
1890,14117,282.34,50
1891,2364,47.28,50
1892,6791,135.82,50
1893,4,1.0,4
1894,24115,482.3,50
1895,60435,1208.7,50
1896,21459,429.18,50
1897,29547,590.94,50
1898,103223,2064.46,50
1899,54638,1092.76,50
1900,9766,195.32,50
1902,45804,916.08,50
1903,19370,387.4,50
1904,25029,500.58,50
1905,276295,5525.9,50
1906,20268,405.36,50
1907,10283,205.66,50
1908,49010,980.2,50
1909,157926,3158.52,50
1910,90562,1811.24,50
1911,44249,884.98,50
1912,10632,212.64,50
1914,28081,561.62,50
1915,2275,45.5,50
1917,713,14.26,50
1918,1502,30.04,50
1919,5410,108.2,50
1920,25224,504.48,50
1921,101181,2023.62,50
1922,3477,69.54,50
1923,47421,948.42,50
1924,223795,4475.9,50
1925,8598,171.96,50
1926,37091,741.82,50
1928,27715,554.3,50
1929,67475,1349.5,50
1930,46190,923.8,50
1931,2086,41.72,50
1933,3391,67.82,50
1934,4092,81.84,50
1935,42073,841.46,50
1936,27390,547.8,50
1937,136706,2734.12,50
1938,64001,1280.02,50
1939,35190,879.75,40
1941,16101,322.02,50
1942,348527,6970.54,50
1944,27831,556.62,50
1946,48480,969.6,50
1947,14514,290.28,50
1948,12972,259.44,50
1949,60428,1208.56,50
1950,28926,578.52,50
1951,20225,404.5,50
1952,9970,199.4,50
1954,34451,689.02,50
1955,1941,38.82,50
1956,42771,855.42,50
1957,25819,516.38,50
1958,3463,69.26,50
1959,21152,423.04,50
1961,198651,3973.02,50
1962,19387,387.74,50
1963,54401,1088.02,50
1964,25651,513.02,50
1965,15452,309.04,50
1966,28196,563.92,50
1968,21576,431.52,50
1969,24795,495.9,50
1971,148989,2979.78,50
1972,6729,134.58,50
1973,76910,1538.2,50
1974,14301,286.02,50
1975,21717,434.34,50
1976,31660,633.2,50
1977,21883,437.66,50
1978,19272,385.44,50
1979,17044,340.88,50
1980,2873,57.46,50
1981,13712,274.24,50
1982,13308,266.16,50
1983,179449,3588.98,50
1984,70193,1403.86,50
1986,44913,898.26,50
1987,25285,505.7,50
1988,11107,222.14,50
1989,12301,246.02,50
1990,1345,26.9,50
1991,5530,110.6,50
1992,49161,983.22,50
1993,1043,20.86,50
1994,5495,109.9,50
1995,77781,1555.62,50
1996,15048,300.96,50
1997,44408,888.16,50
1998,28198,563.96,50
1999,43365,867.3,50
2000,468409,9368.18,50
2001,66776,1335.52,50
2003,12902,258.04,50
2004,63047,1260.94,50
2005,31732,634.64,50
2006,35680,713.6,50
2007,150205,3004.1,50
2008,60485,1209.7,50
2009,23299,465.98,50
2010,44010,880.2,50
2011,6381,127.62,50
2013,40390,807.8,50
2014,12872,257.44,50
2015,67653,1353.06,50
2016,3246,64.92,50
2017,12630,252.6,50
2018,19200,384.0,50
2019,95618,1912.36,50
2020,12146,242.92,50
2021,52588,1051.76,50
2022,59835,1196.7,50
2023,19821,396.42,50
2024,469,9.38,50
2025,53754,1075.08,50
2027,15070,301.4,50
2028,10668,213.36,50
2029,17655,353.1,50
2030,9221,184.42,50
2031,329980,6599.6,50
2032,66422,1328.44,50
2033,63993,1279.86,50
2034,18840,376.8,50
2035,6208,124.16,50
2036,10395,207.9,50
2037,15821,316.42,50
2038,20790,415.8,50
2039,30186,603.72,50
2040,11134,222.68,50
2041,28212,564.24,50
2042,26552,531.04,50
2043,37682,753.64,50
2044,5190,103.8,50
2045,16856,337.12,50
2046,42614,852.28,50
2047,12953,259.06,50
2048,768,15.36,50
2051,202,4.04,50
2052,171615,3432.3,50
2053,38761,775.22,50
2054,51357,1027.14,50
2055,26267,525.34,50
2056,567,11.34,50
2057,20577,411.54,50
2058,6883,137.66,50
2059,108465,2169.3,50
2060,10011,200.22,50
2061,5699,113.98,50
2062,85422,1708.44,50
2064,7023,140.46,50
2065,45228,904.56,50
2066,11365,227.3,50
2067,10558,211.16,50
2068,35683,713.66,50
2069,121895,2437.9,50
2070,21568,431.36,50
2071,338400,6768.0,50
2072,240173,4803.46,50
2075,9898,197.96,50
2076,9928,198.56,50
2077,17903,358.06,50
2078,69363,1387.26,50
2079,21346,426.92,50
2080,127700,2554.0,50
2081,29515,590.3,50
2083,1254,25.08,50
2084,48133,962.66,50
2085,4,4.0,1
2086,9756,195.12,50
2087,21394,427.88,50
2088,436,8.72,50
2090,26880,537.6,50
2091,2267,45.34,50
2092,35926,718.52,50
2093,7732,154.64,50
2094,103338,2066.76,50
2095,4885,97.7,50
2096,62714,1254.28,50
2097,13830,276.6,50
2099,10179,203.58,50
2100,30877,617.54,50
